{
	"parent": "item/generated",
	"textures": {
		"layer0": "item/knowledge_book"
	},
	
	"overrides": [
		{"predicate": {"custom_model_data":1}, "model": "item/dailyrewards/doubleexpbooster"},
        {"predicate": {"custom_model_data":2}, "model": "item/dailyrewards/mobcurrencybooster"},
        {"predicate": {"custom_model_data":3}, "model": "item/dailyrewards/mcmmobooster"},
        {"predicate": {"custom_model_data":4}, "model": "item/dailyrewards/celebrationbooster"}
        
	]
}